Id,Prediction
1461,103744.1730520175
1462,161568.7360032806
1463,161591.34136314175
1464,184765.20085592175
1465,192182.89119856263
1466,173285.50932640143
1467,188882.94016030018
1468,163613.46472699873
1469,194584.38350425853
1470,108957.16830781127
1471,205908.9894141054
1472,110142.5051165673
1473,94400.76326889855
1474,147135.83456486993
1475,113128.22923849153
1476,354778.68267705827
1477,239316.2940322044
1478,305867.33796587883
1479,308218.2026212093
1480,423564.17939707707
1481,279835.39301687793
1482,216140.25227071863
1483,177418.97771222616
1484,173420.11839901865
1485,201459.030089402
1486,211382.3121944795
1487,299566.5088671613
1488,240617.94796690793
1489,185837.96948299187
1490,244554.7244075818
1491,219471.38303544506
1492,95289.3103313195
1493,201359.60369196668
1494,288434.286318672
1495,265339.5983662751
1496,256666.7155755484
1497,163437.30507342043
1498,172557.87048941824
1499,165639.6628379479
1500,161937.57716821771
1501,198860.364728789
1502,146110.9178152139
1503,286231.4883026717
1504,243617.91716212785
1505,223850.04091660184
1506,203093.32535992726
1507,240614.2287007229
1508,203846.7291049297
1509,148149.18586939038
1510,135161.6675507725
1511,151605.14984453225
1512,177009.94487153357
1513,154834.42564111098
1514,135840.56939082505
1515,214822.2300900845
1516,163906.0120437384
1517,166728.13426282414
1518,122694.85887632957
1519,229775.52609138863
1520,133899.94559962951
1521,124105.23853414517
1522,189670.5816179217
1523,100075.24230495797
1524,126964.87332855063
1525,86913.68302548626
1526,89452.24644395588
1527,92575.68556384895
1528,149329.2794471858
1529,138636.31659369793
1530,193620.16299371255
1531,154374.63756377483
1532,108127.5831609096
1533,165960.85136553642
1534,157968.92291815736
1535,161988.1041934261
1536,109093.7244193188
1537,48371.31350125544
1538,166705.9596651174
1539,239313.64347021264
1540,118582.51025011495
1541,141286.05223095202
1542,147733.0646604412
1543,185980.58413130857
1544,92746.05151574027
1545,108509.8619548294
1546,144680.89201787196
1547,154721.9808122364
1548,131239.9466460424
1549,109474.83372074364
1550,137851.45034978742
1551,142429.94282928234
1552,145555.68458857798
1553,159801.96549323938
1554,124261.20003833994
1555,171140.355909897
1556,75966.10295002627
1557,114461.48590486177
1558,119103.29922958728
1559,71556.31990265907
1560,149647.64230247066
1561,159774.44457575114
1562,138368.6025124005
1563,119676.45895688402
1564,159391.83987852166
1565,133863.85610800594
1566,230659.77675302318
1567,82723.92200256616
1568,232369.43188375462
1569,120569.22913339749
1570,138480.12738101947
1571,93498.47774338936
1572,133953.38667308178
1573,252542.9020598279
1574,115653.76437247789
1575,231927.67364436435
1576,250316.87338178616
1577,191152.28969960465
1578,159763.06547572758
1579,118166.71958543919
1580,187566.5022408736
1581,167592.54909178408
1582,121528.61481932679
1583,286362.92280423635
1584,223297.85662925986
1585,149831.53572211115
1586,40026.665245923126
1587,107249.8062477427
1588,152376.76600588023
1589,100166.34149784852
1590,134469.2157402582
1591,66534.60784755758
1592,146961.67339838817
1593,131389.12405474053
1594,136494.47495453362
1595,117920.7580196752
1596,222977.88439932515
1597,162479.72115910635
1598,190818.0193803708
1599,187140.11068367652
1600,183847.1348643325
1601,34082.065311003826
1602,116972.02506227118
1603,60074.90838965691
1604,274312.29121084115
1605,240403.21218454756
1606,168217.6739383919
1607,163134.01392877856
1608,226169.53582859255
1609,194904.74322292072
1610,149737.13008198043
1611,131875.07571641076
1612,187162.230020699
1613,160875.32052473826
1614,138374.67504547423
1615,77483.98919947921
1616,52583.07847345983
1617,69689.42201071489
1618,110826.79458253218
1619,151695.18699150637
1620,149202.77041420512
1621,133696.60379349752
1622,153705.07273164572
1623,251755.09364053304
1624,216987.19014163647
1625,122342.17043768222
1626,181338.71688423518
1627,176166.37495235095
1628,279772.90962818556
1629,178840.12727499206
1630,332704.82119582494
1631,217310.55918703572
1632,228266.34129584456
1633,184010.06244223536
1634,187319.30205796944
1635,187035.38671605586
1636,165206.91486241148
1637,189628.68733625035
1638,200493.50287834863
1639,178248.4316263863
1640,266019.23831877194
1641,181899.58256395487
1642,260552.60051599797
1643,215040.2845731227
1644,231665.98804620223
1645,241179.0181051031
1646,165842.10801365745
1647,154228.108886358
1648,134208.3345848975
1649,145375.54886423628
1650,99000.24332468287
1651,107580.02843815721
1652,109825.0144261436
1653,110240.9248809769
1654,148483.27724001507
1655,148564.9664299926
1656,140151.66248258052
1657,149488.12500777445
1658,152148.2664132589
1659,112417.80662794737
1660,148609.03318149978
1661,408560.1745038309
1662,336466.03739913914
1663,368494.995875618
1664,426262.96248543425
1665,323120.9329646837
1666,296928.42775075615
1667,352428.35802904656
1668,354291.33888397657
1669,315076.79618404736
1670,343432.88851758913
1671,262068.99204689608
1672,384566.10659282363
1673,281668.234954455
1674,250278.18616625166
1675,207777.79562819144
1676,213000.13232367998
1677,207750.39101154986
1678,415873.2692967285
1679,345186.82954352663
1680,331846.79490926635
1681,288714.2122719701
1682,289794.5413579913
1683,191078.14639397967
1684,189318.0137212449
1685,199785.62644932192
1686,179268.49067096552
1687,188345.3849429795
1688,212229.03456000585
1689,213353.5838712197
1690,214269.652800051
1691,200384.27981016014
1692,275400.96567231236
1693,182394.01286682033
1694,183069.22910403385
1695,162407.73103373236
1696,259446.32751330355
1697,161471.05774668744
1698,302535.3175393458
1699,318495.8522827681
1700,236449.9355959301
1701,272955.5199828429
1702,246642.83465554588
1703,243920.8786946712
1704,275350.7377883042
1705,275717.33795552986
1706,383589.0918728685
1707,224124.23485432335
1708,210815.23789331573
1709,262919.82832313626
1710,231059.62033250835
1711,282017.0330065808
1712,264970.5751005907
1713,272354.8285080673
1714,226106.0266174415
1715,212801.7751009475
1716,185063.85401888998
1717,189572.9861917179
1718,133150.32821573282
1719,218907.21093362954
1720,270717.3189935722
1721,178457.187352084
1722,121696.61702477164
1723,159490.4325411796
1724,220069.2763694533
1725,248454.79029257677
1726,198399.0391440886
1727,158843.20774571528
1728,194130.67886870878
1729,165664.6268038013
1730,152059.76487814114
1731,135361.18496037417
1732,126479.9542053621
1733,103003.87867446285
1734,116082.69595982795
1735,147341.63042818382
1736,110511.74669956056
1737,292012.47167374333
1738,235505.46918291796
1739,261555.00724240107
1740,203272.13557203056
1741,184729.9299072863
1742,186296.16360044372
1743,196171.32643263944
1744,335392.3741269485
1745,217044.15733252006
1746,206521.48442818254
1747,211849.431333723
1748,222915.6451937313
1749,168877.9011471934
1750,138317.39041157113
1751,262919.13991260587
1752,111527.50151955847
1753,154818.17928786692
1754,198789.3062395504
1755,186241.34576829386
1756,138067.78805402192
1757,110706.94724885639
1758,149375.29053539474
1759,161436.0767449951
1760,159542.74060006553
1761,149962.31657747348
1762,167073.97238365252
1763,189776.07343269052
1764,102199.7113653843
1765,177143.42353930563
1766,188605.7819366996
1767,228329.72686344036
1768,147567.1200426698
1769,170245.41591898343
1770,172564.5402499638
1771,107614.22604903385
1772,146516.63950864977
1773,114493.87585909833
1774,143435.88663808478
1775,151917.59795717755
1776,132583.85426737354
1777,116044.4725639353
1778,150636.23287663018
1779,122154.63277047625
1780,174646.8176858851
1781,121283.54948979362
1782,68109.60397146833
1783,139776.12136301716
1784,118581.09872459283
1785,144851.18008775188
1786,105207.43387736264
1787,182879.9393625079
1788,82653.21091805454
1789,107828.92085479108
1790,52030.348613556445
1791,202671.69299045578
1792,158617.2386193863
1793,138992.64077693014
1794,177725.03724287593
1795,135099.30021390645
1796,157694.21508642737
1797,134910.03762495948
1798,117140.99344409801
1799,99890.35973653682
1800,131831.0028033728
1801,120699.09670231983
1802,130503.73670665931
1803,163303.5859052577
1804,143676.6779059706
1805,145281.44215638514
1806,138095.4096925639
1807,162054.03645933454
1808,125570.1603978601
1809,115410.41015129292
1810,148010.1223843227
1811,143395.8656868821
1812,120592.64109405165
1813,124970.86729741975
1814,106840.3047023592
1815,34859.6020334317
1816,127996.51129741388
1817,137877.48207234402
1818,204298.43974576678
1819,147215.75532800652
1820,60870.355547828935
1821,128441.39246700401
1822,162340.50903384693
1823,56015.842034386325
1824,144456.1617786933
1825,133424.77351799063
1826,105104.32997373017
1827,81421.40968485434
1828,135869.5998911171
1829,139505.96975107212
1830,155684.72496040622
1831,153905.14597070013
1832,78213.16148351853
1833,147965.81689877406
1834,127423.18704502397
1835,123877.86770022433
1836,126217.70933824542
1837,79848.91302785119
1838,111296.71467236614
1839,138017.13976583723
1840,132837.52061649706
1841,115978.83535893782
1842,94141.63692473655
1843,115908.76391726724
1844,146412.87834543776
1845,125630.49563765811
1846,154791.25224487617
1847,166073.15317130185
1848,24582.88262386003
1849,111422.09075643399
1850,115977.05463556427
1851,156155.46597289635
1852,133560.02381825112
1853,139843.4858426883
1854,183533.1586744586
1855,165132.96484326108
1856,225440.99671472787
1857,136623.80239380122
1858,134770.92034064385
1859,106759.06269611577
1860,155906.54383950654
1861,105280.45893726019
1862,285532.5343528097
1863,285685.6150041963
1864,285702.0298526783
1865,349812.6413254157
1866,353453.2540466153
1867,229904.04937616078
1868,307530.94465406827
1869,219407.57267701923
1870,229724.2115338138
1871,261080.163553403
1872,190663.46891999902
1873,226800.61622956948
1874,127786.42103099046
1875,183167.5999725949
1876,186744.93261356445
1877,215414.8787890301
1878,206719.21385689278
1879,125122.02347641718
1880,129887.53525338645
1881,234029.5486279439
1882,257251.10623269112
1883,187765.128720617
1884,201744.68535047327
1885,237712.15518450874
1886,292527.33153784904
1887,230378.37408425583
1888,266209.11548134347
1889,171175.7227393932
1890,95370.15989441278
1891,131224.97089185668
1892,86648.04143471665
1893,129396.8893905112
1894,110093.98262781926
1895,135707.24285938143
1896,133605.85089313204
1897,103957.36808402721
1898,122539.61073435603
1899,157538.3173547106
1900,141517.99388553947
1901,144089.35913514148
1902,124278.03227592408
1903,201718.15295536033
1904,133319.340298097
1905,190611.71704494962
1906,142477.66745608184
1907,202271.56475761835
1908,110847.28516991889
1909,147703.19968427377
1910,125678.03936349903
1911,188130.96010997996
1912,283775.3287669048
1913,167396.77104876502
1914,67312.8361730452
1915,315849.4774661475
1916,3836.569103152986
1917,250131.37078183828
1918,137572.3791909457
1919,180655.3939553759
1920,157411.02203186124
1921,374753.0212495815
1922,339422.1019549585
1923,228793.58852706762
1924,210377.45207108845
1925,219135.44602552615
1926,377133.9352636982
1927,139850.57640971307
1928,165681.39889766733
1929,127903.04941954241
1930,136924.11347947814
1931,148262.24388945877
1932,142379.1963155507
1933,166936.66487833337
1934,163870.34543356765
1935,169040.6940423782
1936,183468.0451937505
1937,179546.42783591556
1938,195241.86517032742
1939,250755.95492798788
1940,193597.57992615664
1941,166014.8982542634
1942,198679.923171369
1943,201667.78823605058
1944,322049.4934581611
1945,369573.7887175345
1946,141720.79142451886
1947,286540.0493093826
1948,172570.50037358043
1949,273119.1981712758
1950,204059.52620015494
1951,285743.24720427964
1952,232515.2890351086
1953,205042.2661181287
1954,190109.2463593785
1955,121060.96402709189
1956,333357.19973512617
1957,158117.9739948792
1958,290614.8552455376
1959,133932.84875170665
1960,112911.34014431557
1961,126020.63193342884
1962,102668.0659018601
1963,115238.48431686254
1964,104479.14518027655
1965,143305.82462708332
1966,142934.99655336817
1967,282945.0768424018
1968,373752.26072652184
1969,367106.5100938743
1970,349431.5250416533
1971,424569.99625822285
1972,355556.2152678006
1973,301778.2410785065
1974,326092.98672664945
1975,648729.6424016187
1976,270637.73496411426
1977,333847.3687529437
1978,314928.26987921057
1979,321552.24656156055
1980,177293.0763078655
1981,338183.0723698888
1982,219918.60336122403
1983,207856.99661741016
1984,189156.35356737376
1985,216433.08677421854
1986,211489.4396530111
1987,200091.6634859544
1988,190188.6800848702
1989,210730.42990924057
1990,232930.30775866474
1991,222412.98928747475
1992,239880.2463404516
1993,180095.70479451038
1994,234162.93837607047
1995,179518.86354782432
1996,283720.72212599183
1997,315274.9653226021
1998,275828.6104580668
1999,280224.7056364256
2000,303906.4730616604
2001,307617.98348393105
2002,259286.7708932938
2003,263378.310013724
2004,287495.81620271696
2005,245030.24774620106
2006,218690.2966064706
2007,263358.81418511306
2008,230059.82706492415
2009,206344.1145979232
2010,222494.54331411573
2011,147476.19472303972
2012,187384.11922063003
2013,188861.79189990376
2014,213254.3510584889
2015,217460.32034768688
2016,199828.8012560362
2017,213640.32220117704
2018,106352.64914663475
2019,134053.7137875917
2020,88644.11726779878
2021,94080.15589959669
2022,184460.3363065474
2023,156992.8686725425
2024,295692.57881498634
2025,333455.89168585045
2026,181172.7139818168
2027,160178.22172315945
2028,152971.1595877728
2029,171205.2575451248
2030,276754.136774114
2031,251898.3290071648
2032,271106.89120529685
2033,270775.78132405074
2034,181280.4741070145
2035,212413.740335181
2036,225681.18105021882
2037,230755.15393614722
2038,324556.49267645774
2039,230709.53638562697
2040,332375.93356433033
2041,302447.25546541705
2042,207130.9026018195
2043,176831.459862687
2044,176371.6569321077
2045,206470.9871312165
2046,127246.97888655544
2047,135969.6001161373
2048,151314.05797489148
2049,136074.2066638106
2050,181871.24556162758
2051,116571.0661625159
2052,116124.38860825734
2053,148725.53957831181
2054,81400.16211982824
2055,180364.53666768552
2056,159095.89426499163
2057,114115.69367376738
2058,217427.72076958063
2059,133197.5152152302
2060,179763.08548412166
2061,183022.54049534316
2062,114409.32930562757
2063,124922.31254678467
2064,122495.3821952695
2065,127035.77345897802
2066,172233.7583305651
2067,105713.80259437303
2068,133296.02817620395
2069,78526.12424105678
2070,113865.08528995924
2071,88177.8118651731
2072,150533.48191337427
2073,140177.38153443072
2074,196539.73670176187
2075,144553.07182784326
2076,127532.8360924139
2077,149320.07109674634
2078,113257.66242422706
2079,147092.70896837913
2080,126186.18081928082
2081,127738.30565997938
2082,109054.33104773828
2083,148581.43934570297
2084,99570.94577732807
2085,107743.9989277521
2086,120287.82881431544
2087,136239.77097210113
2088,101788.57010583788
2089,92684.20163605276
2090,130812.608344836
2091,81278.03555166263
2092,143840.0827446996
2093,173521.23672544915
2094,131560.90184775987
2095,140076.73675293408
2096,91621.5720455721
2097,121065.20435742418
2098,146815.12535318924
2099,16949.47135679159
2100,37792.07993725728
2101,127905.51680436425
2102,153263.51076202467
2103,93621.7148738376
2104,153186.22425128322
2105,164505.7089940704
2106,58538.6074769149
2107,210631.0700715793
2108,136434.29472658102
2109,102035.48065274164
2110,122000.20558948859
2111,159439.40177501467
2112,129665.80200159815
2113,125907.86751915785
2114,133643.94471293446
2115,163090.78522837622
2116,100375.6377590016
2117,136846.2259277337
2118,124394.86378398904
2119,109482.88623807559
2120,131761.3965642685
2121,72684.77148952044
2122,105867.47543748586
2123,74717.94671698174
2124,169418.70563087877
2125,146139.81169736024
2126,146999.66123286754
2127,158584.55726633794
2128,161685.3160524456
2129,68768.38831178282
2130,123519.04671208252
2131,120439.21996766681
2132,116591.18153633713
2133,125151.44464155566
2134,131420.24952195876
2135,110524.46415127984
2136,60761.15897702558
2137,101968.82639561768
2138,157285.02679462577
2139,158360.98612288342
2140,149268.6388879032
2141,172786.76474779073
2142,132520.11016115858
2143,149350.5004068851
2144,110582.15594841857
2145,139485.14168790655
2146,160121.8420003712
2147,158018.869073931
2148,144713.78787939626
2149,165014.71466751027
2150,222090.7916661554
2151,138177.1259667244
2152,192750.9290363468
2153,192962.949205321
2154,104908.99156317941
2155,144694.32047485712
2156,276729.03683939733
2157,245001.55713596
2158,241487.80520503057
2159,233375.394067869
2160,194414.69718728046
2161,257437.02107373695
2162,336584.8773339616
2163,362512.2885027683
2164,252923.1402571831
2165,214323.99617394002
2166,146382.0619039574
2167,210437.52463621154
2168,187945.1399918031
2169,201203.7785470243
2170,196214.49976163954
2171,160191.68431966702
2172,132344.77872959498
2173,162490.3602544479
2174,229252.37098549356
2175,273876.3888652456
2176,297406.8576386392
2177,244442.51301767916
2178,224305.40618667175
2179,140798.24670698197
2180,184979.28410627064
2181,200606.31603218924
2182,221339.8021457696
2183,197525.47526543777
2184,118467.931946407
2185,136566.66119531807
2186,154206.65310674201
2187,165972.1429284593
2188,160227.75006573315
2189,306130.9539549084
2190,58328.17073375141
2191,48884.25159486095
2192,74303.99369634503
2193,117512.89940418603
2194,95873.98065329799
2195,143089.19116180553
2196,107965.36450327984
2197,106829.93128898353
2198,172666.28990877746
2199,180679.44132868672
2200,134010.15728897363
2201,148251.09941465082
2202,227961.65656961832
2203,123049.43260008068
2204,151065.29610460266
2205,108796.1872768994
2206,137502.12726693312
2207,185064.06754665906
2208,226307.1806614723
2209,194281.0306870649
2210,123528.64582722328
2211,117017.17087921387
2212,136495.2707007738
2213,112311.90923729663
2214,160036.74624253306
2215,93738.69079419048
2216,150458.70178031555
2217,82403.84485021007
2218,98598.29903275603
2219,93454.92035922673
2220,46412.37792970106
2221,316663.7625958792
2222,279785.6818879759
2223,300354.39552282146
2224,216164.5504513033
2225,100659.43656548843
2226,182733.938042849
2227,232781.051616805
2228,289318.6277069222
2229,238283.041893525
2230,142861.58563004623
2231,222635.46658464253
2232,188986.82314811775
2233,206123.56369183605
2234,278174.70591009996
2235,248653.4948064266
2236,257943.8376171091
2237,319598.6995414891
2238,190342.66625665815
2239,121047.92239480827
2240,170924.17016128873
2241,143398.6684591299
2242,112249.67855857601
2243,124413.9411113633
2244,113121.40896648134
2245,108340.55907693761
2246,149147.4406374444
2247,118527.57676009156
2248,113589.7881321534
2249,120903.56867684802
2250,124024.55047731794
2251,93107.46626786186
2252,183021.57631286897
2253,150722.12396819363
2254,180848.39339549147
2255,180961.74073994329
2256,192348.5596672861
2257,196287.3606795035
2258,178478.45721280837
2259,178957.50508934853
2260,97553.78910578287
2261,199267.6297460802
2262,205262.23467186303
2263,351299.9055415663
2264,420567.5778742865
2265,136351.21858119176
2266,282578.6310499193
2267,334655.8575504054
2268,385302.98646747443
2269,160751.80475845435
2270,211031.09032055628
2271,221447.2492917034
2272,276187.7792502255
2273,176288.14003991414
2274,184220.01941658728
2275,144968.48344625474
2276,207293.80178154763
2277,180437.90291644598
2278,149034.97416925008
2279,132037.15437061584
2280,104801.12691435679
2281,180323.31669830182
2282,191139.8932000624
2283,121337.97134914034
2284,136527.64684282796
2285,139777.6318540396
2286,124189.60195133279
2287,361625.59492315573
2288,281455.6231955832
2289,289883.8313908074
2290,393069.51578791346
2291,328449.9906178268
2292,389480.7627854027
2293,412142.25128064805
2294,355681.0964610197
2295,438403.7555728515
2296,234853.48880529898
2297,352034.94430190185
2298,346907.2475420977
2299,342854.502531418
2300,299813.51481628
2301,323887.26678093796
2302,249022.75175615057
2303,249296.21217770153
2304,233041.3043604366
2305,211567.6172396678
2306,208197.4507819299
2307,219741.043673883
2308,226792.21195454206
2309,315002.85864616337
2310,212403.38313364302
2311,214704.065766005
2312,187742.3641298521
2313,178158.17534622268
2314,187472.559903179
2315,195838.89917923877
2316,218669.50720156863
2317,188509.71647658778
2318,198558.12557997412
2319,200576.99132136442
2320,195164.69145180623
2321,234626.63751125202
2322,212049.49159964087
2323,195084.6771931943
2324,200214.14167665815
2325,226254.76029367215
2326,189769.38016273276
2327,217797.12581383245
2328,232116.34362685206
2329,187875.23498001051
2330,182930.74688685065
2331,313051.7028223795
2332,357313.72705382964
2333,294482.6292827032
2334,252768.01173221465
2335,281733.03061430866
2336,286019.70290217974
2337,198962.18219469147
2338,254470.4574679001
2339,237553.4336699389
2340,398601.35772608017
2341,207704.68463896227
2342,248602.9213099579
2343,238890.374742007
2344,228133.8306005423
2345,230016.97091001327
2346,213588.1617670636
2347,200501.32683935866
2348,247872.31068527402
2349,189348.5636128807
2350,311688.9018036545
2351,281188.0572357583
2352,261185.6486022308
2353,257459.80013783334
2354,133112.42838852564
2355,151865.7923723799
2356,171553.59577767664
2357,214162.94061137122
2358,208061.34340077717
2359,120081.25451436502
2360,127957.94121389253
2361,138415.5400934121
2362,272054.0815012278
2363,169688.70760909986
2364,186382.27128016623
2365,237472.42657968565
2366,191291.50634835128
2367,223295.77209204636
2368,214314.0436622075
2369,204464.30390972452
2370,170904.7562319155
2371,177033.79323317588
2372,202272.44928968095
2373,299170.5583008965
2374,295885.77219470654
2375,242174.25202348188
2376,294640.8418009043
2377,326593.1718532853
2378,148744.27993003454
2379,214420.56802826968
2380,167391.40763525348
2381,169762.76907898876
2382,214490.1043283316
2383,207014.07934803123
2384,255207.3788144649
2385,175604.69049078712
2386,144336.96275587022
2387,129662.74313942694
2388,115219.10556941277
2389,123900.95884052935
2390,153786.631082974
2391,138423.79595541538
2392,110294.94481933833
2393,180349.15346573785
2394,131416.4798656166
2395,203704.64459036605
2396,151137.1545609121
2397,218799.28921390802
2398,114655.08750242206
2399,77858.55539787459
2400,62905.7449008042
2401,115257.87125406586
2402,149271.22566115583
2403,133142.8045693798
2404,157985.76202483263
2405,165968.02586314996
2406,142331.87721689872
2407,138505.42640936788
2408,159140.4033141731
2409,119037.62516879351
2410,192453.26028586458
2411,105217.27583054875
2412,161223.58388688084
2413,121089.49714545209
2414,157465.50126026274
2415,131451.29783245706
2416,130059.21963574715
2417,132526.20287593937
2418,126887.03661233003
2419,143625.10265425764
2420,117454.26622838136
2421,75286.82196054692
2422,105216.26283557552
2423,151949.47937523643
2424,136318.57216761238
2425,176090.87590094708
2426,131806.90958156055
2427,141066.60043549162
2428,184870.3674808401
2429,108067.89415531875
2430,132729.4376803701
2431,90499.42724576271
2432,146120.1693579501
2433,142071.90835884982
2434,133128.62795821868
2435,150134.0144457611
2436,118920.53920253852
2437,99041.98036156851
2438,117897.6019230269
2439,117881.18593897407
2440,137808.7773375841
2441,149228.83686144408
2442,102217.47115414217
2443,151780.39173029095
2444,128419.87834538353
2445,116184.64807345977
2446,142474.73263870247
2447,204816.91229107731
2448,134197.8215574285
2449,125904.75115311654
2450,168201.92364223272
2451,126031.43561767106
2452,201507.8152554747
2453,95133.17803180279
2454,106987.57163297116
2455,122048.90260408961
2456,158536.14123776395
2457,125754.93466134707
2458,129646.71195431231
2459,116672.54742382368
2460,144959.23210065885
2461,130937.20246622563
2462,129016.47481634704
2463,144186.822712227
2464,178706.68629662588
2465,133809.94850796316
2466,131734.96821825937
2467,164307.41699226166
2468,101416.48257466244
2469,96288.79025443734
2470,189981.34659507303
2471,218299.28536216763
2472,168843.56941027945
2473,122857.65142686485
2474,85186.21855190009
2475,215403.12455624389
2476,113180.82139880647
2477,120927.78828471276
2478,157512.42187422494
2479,107178.55851757179
2480,159006.6580269873
2481,145632.43400215334
2482,142158.83058975765
2483,106732.77871526327
2484,138127.554666403
2485,138502.6506224979
2486,138982.89164941802
2487,205409.567313427
2488,180827.02486574673
2489,143401.80790860255
2490,154110.5889024217
2491,106496.90779602149
2492,193693.97257503367
2493,158227.96243853416
2494,150725.12466895598
2495,74885.08014727986
2496,233896.01156457933
2497,160165.10652399002
2498,96532.78135599293
2499,75863.05891687388
2500,116060.65638075481
2501,157613.15963675047
2502,146789.77749221254
2503,122981.98782386846
2504,78915.37156951292
2505,229665.7753469145
2506,264668.56049666845
2507,280474.08777249
2508,268803.1625671615
2509,227839.02074645844
2510,222656.57179682545
2511,187410.07150416123
2512,206492.89783670925
2513,250051.23591290714
2514,295642.6415038272
2515,134881.63436918944
2516,177242.22877996322
2517,136095.11495171493
2518,144601.86468950871
2519,228291.46723341773
2520,226735.08676515805
2521,198992.7516056506
2522,226790.35607977945
2523,114238.4450648906
2524,146448.54216121585
2525,139401.82701147965
2526,144987.47912326836
2527,134226.31847040035
2528,120718.22914475242
2529,139962.42999795568
2530,120391.43016945844
2531,235885.150495227
2532,223477.9365634533
2533,211015.82217461793
2534,254758.02592029062
2535,272838.45500436204
2536,234341.67015475925
2537,238071.38277020134
2538,193050.66144854177
2539,204120.91838324317
2540,189267.73170828976
2541,194269.32827309353
2542,172046.96826057442
2543,117352.34984963018
2544,117755.67077757587
2545,143398.14411880833
2546,134004.15354444546
2547,158036.0668561386
2548,157660.38125300314
2549,147638.95640906104
2550,550486.421657321
2551,146296.2159925825
2552,139566.82679202795
2553,73957.2368337072
2554,74374.9741492086
2555,107976.6504364136
2556,83670.00828363006
2557,94226.35704892597
2558,148194.2623570813
2559,126309.43689435537
2560,145210.3205176436
2561,145612.40709068073
2562,143872.09941401976
2563,129551.49763623026
2564,189814.53301120098
2565,106270.62078928991
2566,131950.2179480141
2567,106445.45591660863
2568,172616.89442460265
2569,207242.73173530126
2570,124671.5126016099
2571,166746.52642595037
2572,157683.74661106511
2573,216000.47247894257
2574,457018.96264155046
2575,150946.54957513727
2576,140554.71273600566
2577,158434.90206224582
2578,92176.92093429394
2579,12016.369502472255
2580,104564.84890956506
2581,115821.4352280761
2582,153898.65112881098
2583,261816.97873017832
2584,184512.0430860196
2585,197306.96667250083
2586,226706.55337590515
2587,201940.5893316992
2588,148626.71656918604
2589,163199.00347853286
2590,236301.2190678913
2591,253454.46315139573
2592,224067.5690941912
2593,274040.4397249762
2594,202171.94747064315
2595,239760.0515649266
2596,315237.34868713276
2597,217322.40319822892
2598,287330.6744428721
2599,350369.62935574126
2600,55582.81414638675
2601,158434.69247575485
2602,69692.853924515
2603,86870.22221053741
2604,75316.03338520043
2605,74803.38733135036
2606,160357.47911798663
2607,223054.34954210854
2608,205644.64315559893
2609,178534.67720226393
2610,110476.53008259441
2611,113935.96978436595
2612,157398.77558939785
2613,141308.41997070328
2614,111485.12150901968
2615,173175.7780641509
2616,168487.03499034033
2617,190054.89360458596
2618,232761.41217838388
2619,213739.27583716705
2620,176312.48540621146
2621,177111.1187924433
2622,191239.44278641912
2623,239564.54807001233
2624,298389.83987293293
2625,275112.49480439257
2626,181808.43463698236
2627,169900.2998331952
2628,407440.9143960371
2629,448600.92974363104
2630,338125.68233256496
2631,433069.91462629836
2632,379592.5865108349
2633,283028.4295413563
2634,383993.47630203236
2635,175326.14505772953
2636,184012.49047201927
2637,221756.98727562235
2638,264688.5079033276
2639,188479.564612806
2640,158310.26275216477
2641,98949.4039017956
2642,192980.059416706
2643,113375.39373205295
2644,119575.1544672568
2645,118242.69248454124
2646,104393.01839448012
2647,120438.32386206248
2648,139115.32608983977
2649,151946.19975901477
2650,135450.68876506286
2651,143731.2850519375
2652,371010.65639575815
2653,246470.9177222681
2654,253381.08185314652
2655,370074.752902375
2656,321982.05541981955
2657,359079.7526706031
2658,310048.6639569354
2659,305569.6478673526
2660,353487.3158962637
2661,331420.7031456437
2662,361798.9404947141
2663,274279.3849783835
2664,306088.19025485934
2665,321089.3090693818
2666,301343.09094972606
2667,188194.82449680488
2668,193444.59494501978
2669,193732.80866627622
2670,284703.5638213054
2671,203514.66409966056
2672,207895.56732490176
2673,200650.2508866907
2674,203479.57785480772
2675,178272.12720457098
2676,219745.0699237699
2677,200403.95266437175
2678,256682.78020845607
2679,268162.60609377123
2680,269704.723753229
2681,388993.77875130274
2682,306751.0173869455
2683,443059.12869329675
2684,303760.1336675633
2685,323326.81998421066
2686,255300.5942555511
2687,276812.3439398253
2688,228763.00587230863
2689,211125.18811727752
2690,370277.01772070536
2691,198064.132992726
2692,133580.77110029935
2693,217335.80565442448
2694,142238.95191815562
2695,217491.43660745025
2696,205826.78163278993
2697,183183.83376371954
2698,240379.93650722073
2699,180083.0002940897
2700,160996.57677418104
2701,162342.1135536005
2702,119035.57617824833
2703,142695.60728536165
2704,138942.90884826254
2705,102352.14521706461
2706,109403.67802315229
2707,135691.29965488205
2708,119921.544309375
2709,110833.59081582437
2710,123529.76770626717
2711,168385.03495671562
2712,348156.5181125298
2713,174085.5337314654
2714,158194.5941245754
2715,173425.78136575487
2716,148383.18928524968
2717,185991.85386283946
2718,227144.94119976074
2719,159733.22817305755
2720,195383.096382737
2721,133633.91688128217
2722,184869.92624821598
2723,169829.60851353986
2724,131759.64023068792
2725,130057.8625428634
2726,136136.79074038065
2727,148725.8388378687
2728,198865.36014299752
2729,135042.0034374517
2730,142779.59739124254
2731,139427.22566484235
2732,133650.03848149962
2733,142093.76221277536
2734,145027.7474559932
2735,145919.23883765007
2736,121990.82977573662
2737,104473.78815823441
2738,127280.6952957349
2739,161074.56690914184
2740,142554.97561274312
2741,162396.97461636254
2742,180833.8462368052
2743,149169.66190488177
2744,154673.18625886872
2745,148412.51656689733
2746,121353.9516447346
2747,177687.08080150926
2748,118780.40502292322
2749,130174.92502510773
2750,112904.56910202492
2751,123694.05325803162
2752,228521.1483420934
2753,139054.4753912051
2754,205393.33108350995
2755,141484.3172917026
2756,78520.66745220426
2757,68319.06310437804
2758,119520.52967628549
2759,168310.17783633896
2760,140195.14921450702
2761,150048.8536581701
2762,131982.1782162887
2763,191260.895547675
2764,179123.6626771346
2765,272781.8564228703
2766,127651.08551605084
2767,75734.68140168245
2768,104019.86615299874
2769,127705.18551031126
2770,156139.28572470232
2771,104120.37631594487
2772,104090.34297120491
2773,196539.1627172882
2774,162750.93381736678
2775,138744.06959847972
2776,165827.61934451348
2777,178742.9896226423
2778,132983.59451825102
2779,153392.48674661378
2780,102582.56669502557
2781,87016.39747151475
2782,97163.6330787495
2783,103947.28593011093
2784,125888.37862094864
2785,153502.8222583745
2786,81005.7246189679
2787,145071.08319832652
2788,77411.62310346137
2789,175774.08041312636
2790,93952.13587943139
2791,150973.69783452648
2792,88554.4533327321
2793,171485.55550006044
2794,97909.71448705436
2795,132334.8745611107
2796,77222.39123780685
2797,220396.5851440053
2798,130594.67670248287
2799,157739.39940501883
2800,60634.456867698726
2801,106441.11658473407
2802,150821.26246698305
2803,159193.48650726405
2804,123774.14404746471
2805,109143.408904321
2806,84646.27805672784
2807,170642.06005528994
2808,171736.346292886
2809,128394.39520496898
2810,119401.2066092276
2811,184129.1042360379
2812,172780.1779099136
2813,162672.1218847058
2814,148125.16980323312
2815,119690.41673257881
2816,253765.15506253095
2817,169347.83165784835
2818,146440.97042508295
2819,181221.2850915321
2820,131630.2034634776
2821,120336.06865367007
2822,186360.21402308828
2823,296284.8847044919
2824,167028.45163700057
2825,165730.07630793442
2826,146561.52902417848
2827,135144.16053341227
2828,250113.78405446355
2829,241981.2096385519
2830,208137.06523954993
2831,192416.76953727225
2832,235426.02154025366
2833,299567.1396669163
2834,219624.56581964024
2835,225905.45981137268
2836,215040.03346026273
2837,156755.16297757116
2838,126112.40094722976
2839,185915.62109084823
2840,187750.53743361917
2841,209012.8278217335
2842,229389.22043824696
2843,169238.60035726475
2844,183010.93668129423
2845,109294.0475427241
2846,214483.41695630268
2847,202448.1941533984
2848,221731.5635296912
2849,205715.24599202353
2850,288729.9503016734
2851,231299.8517242057
2852,235737.74767059885
2853,231247.05343447792
2854,162461.18960659733
2855,209475.7659794712
2856,203584.13557768214
2857,200277.1915719405
2858,213241.15456396402
2859,101898.44883900088
2860,149663.5305393001
2861,122892.30207123587
2862,229930.79492518306
2863,134776.70865059673
2864,268864.0200010709
2865,136810.2135433526
2866,167445.70400400646
2867,112247.35388783574
2868,125642.97951752073
2869,97407.79929542674
2870,110856.85453152648
2871,67886.54576927316
2872,20456.07641244016
2873,85725.37505167327
2874,184210.97135072734
2875,119884.35612225466
2876,196337.9174651401
2877,136096.48449265203
2878,143830.66526622407
2879,129554.68481263364
2880,122241.30373579654
2881,105310.84623471719
2882,160997.51892005204
2883,203482.6186742647
2884,194998.1679186065
2885,170291.23824894277
2886,232309.18268600255
2887,111067.34949699552
2888,157394.31968570422
2889,39112.84699513239
2890,87629.75278843535
2891,154518.89612167893
2892,31995.219015595416
2893,93575.05475105913
2894,39323.34364376226
2895,319995.72798193607
2896,274896.9198102164
2897,226441.30477597337
2898,150975.10518685606
2899,240257.18594793597
2900,145017.62778611598
2901,249839.80860627064
2902,213910.90486758706
2903,325267.74599329225
2904,354237.6522113451
2905,63471.13779586424
2906,205096.90568143118
2907,109130.61988047257
2908,124944.93760778106
2909,142850.10897999475
2910,77202.95855624713
2911,61994.809830349244
2912,165750.24103574752
2913,61053.70917967477
2914,63095.15077386539
2915,73923.37533699696
2916,62530.04645055215
2917,132041.30325269364
2918,118351.72387950186
2919,243758.16126050422
